index,timestamp,user
91,2022-7-30T19:58:00.000Z,
90,2022-7-6T13:35:00.000Z,
89,2022-6-17T13:03:00.000Z,
88,2022-4-10T22:10:00.000Z,
87,2022-3-1T18:31:00.000Z,
86,2021-11-27T09:51:00.000Z,
85,2021-7-31T23:25:00.000Z,
84,2021-1-9T16:21:00.000Z,
83,2020-12-30T11:02:00.000Z,
82,2020-10-17T23:16:00.000Z,
81,2020-2-2T15:36:00.000Z,
80,2019-5-26T12:51:00.000Z,
79,2019-5-26T12:50:00.000Z,
78,2018-12-14T18:25:00.000Z,
77,2018-9-15T09:59:00.000Z,
76,2018-7-1T15:43:00.000Z,
75,2018-7-1T15:42:00.000Z,
74,2018-6-30T15:25:00.000Z,
73,2018-6-30T15:23:00.000Z,
72,2018-4-5T15:19:00.000Z,
71,2017-3-17T15:03:00.000Z,
70,2017-3-17T15:02:00.000Z,
69,2017-3-14T15:48:00.000Z,
68,2017-3-12T21:55:00.000Z,
67,2017-2-22T02:19:00.000Z,
66,2017-2-21T22:25:00.000Z,
65,2017-2-10T20:18:00.000Z,
64,2017-2-10T19:19:00.000Z,
63,2016-12-10T16:57:00.000Z,
62,2016-12-10T02:15:00.000Z,
61,2016-12-8T08:45:00.000Z,
60,2016-8-26T10:57:00.000Z,
59,2016-5-9T00:13:00.000Z,
58,2016-3-30T19:17:00.000Z,
57,2016-3-28T01:33:00.000Z,
56,2016-3-18T21:57:00.000Z,
55,2016-3-18T21:56:00.000Z,
54,2016-3-18T21:56:00.000Z,
53,2016-1-11T15:52:00.000Z,
52,2016-1-9T10:56:00.000Z,
51,2015-6-21T15:53:00.000Z,
50,2015-3-12T22:42:00.000Z,
49,2015-3-12T22:42:00.000Z,
48,2015-3-12T22:41:00.000Z,
47,2015-1-29T03:06:00.000Z,
46,2015-1-22T20:12:00.000Z,
45,2014-4-6T20:33:00.000Z,
44,2014-3-3T06:19:00.000Z,
43,2014-1-24T15:40:00.000Z,
42,2014-1-14T14:41:00.000Z,
41,2014-1-1T17:09:00.000Z,
40,2013-11-24T18:06:00.000Z,
39,2013-11-19T03:54:00.000Z,
38,2013-11-17T12:05:00.000Z,
37,2013-1-6T16:43:00.000Z,
36,2012-12-26T06:49:00.000Z,
35,2012-11-11T05:48:00.000Z,
34,2012-7-2T13:45:00.000Z,
33,2012-1-28T10:56:00.000Z,
32,2012-1-28T10:52:00.000Z,
31,2011-10-1T23:38:00.000Z,
30,2011-8-10T19:04:00.000Z,
29,2011-8-6T22:49:00.000Z,
28,2011-8-6T22:35:00.000Z,
27,2011-7-24T17:42:00.000Z,
26,2011-5-30T22:27:00.000Z,
25,2011-5-27T01:31:00.000Z,
24,2011-4-27T22:38:00.000Z,
23,2011-4-14T15:29:00.000Z,
22,2011-4-12T15:38:00.000Z,
21,2011-4-11T20:43:00.000Z,
20,2010-7-8T11:15:00.000Z,
19,2010-3-17T01:22:00.000Z,
18,2010-2-26T12:24:00.000Z,
17,2010-2-7T18:04:00.000Z,
16,2010-1-2T17:16:00.000Z,
15,2009-12-30T18:28:00.000Z,
14,2009-12-11T15:24:00.000Z,
13,2009-11-14T23:46:00.000Z,
12,2009-10-7T21:17:00.000Z,
11,2009-8-14T22:40:00.000Z,
10,2009-7-1T10:26:00.000Z,
9,2009-6-8T11:55:00.000Z,
8,2009-5-10T00:29:00.000Z,
7,2009-1-21T20:26:00.000Z,
6,2009-1-5T22:34:00.000Z,
5,2009-1-5T22:22:00.000Z,
4,2008-9-27T12:06:00.000Z,
3,2008-8-4T16:12:00.000Z,
2,2008-3-13T18:32:00.000Z,
1,2008-1-17T18:35:00.000Z,
